model,model_display,mean_precision,std_precision,mean_recall,std_recall,mean_f1,std_f1,runs
hier_hgnn,Improved HGNN-AE,0.5193315000000001,0.30085584805370014,0.5315162857142857,0.2749626736204533,0.39851949999999997,0.2411440850985921,28
lstm,LSTM-AE,0.4152775714285714,0.2860517798835558,0.5900483928571428,0.2556803358730845,0.3858081428571429,0.2307803800271165,28
gcn,GCN-AE,0.44121153571428573,0.3127356166011869,0.5712924642857142,0.29408613579149984,0.37541489285714286,0.23794491730188924,28
iforest,Isolation Forest,0.37607667857142857,0.267297596734988,0.32800821428571425,0.22125341841282314,0.2819973214285714,0.19985551569461257,28
